date,close,open,highest,lowest,volume,rate,_index
2023-01-20,3264.81,3247.2,3267.06,3247.2,27.32B,0.76%,sh
2023-01-19,3240.28,3221.52,3240.28,3210.38,22.65B,0.49%,sh
2023-01-18,3224.41,3227.59,3234.82,3220.37,21.21B,0.00%,sh
2023-01-17,3224.24,3229.44,3231.26,3211.76,22.66B,-0.10%,sh
2023-01-16,3227.59,3198.52,3251.37,3197.32,30.67B,1.01%,sh
2023-01-13,3195.31,3170.35,3195.31,3167.51,22.02B,1.01%,sh
2023-01-12,3163.45,3167.27,3171.59,3153.4,21.67B,0.05%,sh
2023-01-11,3161.84,3172.38,3184.76,3160.89,23.77B,-0.24%,sh
2023-01-10,3169.51,3178.02,3178.16,3165.14,23.30B,-0.21%,sh
2023-01-09,3176.08,3169.37,3183.58,3165.43,25.81B,0.58%,sh
2023-01-06,3157.64,3155.07,3170.74,3151.84,25.74B,0.08%,sh
2023-01-05,3155.22,3132.76,3159.43,3130.23,25.70B,1.01%,sh
2023-01-04,3123.52,3117.57,3129.09,3109.45,27.33B,0.22%,sh
2023-01-03,3116.51,3087.51,3119.86,3073.05,28.14B,0.88%,sh
2022-12-30,3089.26,3084.52,3096.31,3082.2,21.75B,0.51%,sh
2022-12-29,3073.7,3076.73,3086,3064.46,21.56B,-0.44%,sh
2022-12-28,3087.4,3088.62,3098.65,3079.43,22.46B,-0.26%,sh
2022-12-27,3095.57,3077.75,3098.08,3074.31,22.22B,0.98%,sh
2022-12-26,3065.56,3048.2,3071.84,3047.35,20.65B,0.65%,sh
2022-12-23,3045.87,3038.84,3061.87,3031.54,19.20B,-0.28%,sh
2022-12-22,3054.43,3085.8,3096.24,3044.6,22.36B,-0.46%,sh
2022-12-21,3068.41,3078.33,3085.8,3060.55,18.91B,-0.17%,sh
2022-12-20,3073.77,3098.95,3100.75,3061.51,21.88B,-1.07%,sh
2022-12-19,3107.11,3165.31,3170.26,3096.1,27.85B,-1.92%,sh
2022-12-16,3167.86,3156.14,3175.35,3151.61,25.98B,-0.02%,sh
2022-12-15,3168.65,3177.2,3179.1,3158.45,24.30B,-0.25%,sh
2022-12-14,3176.53,3178.55,3189.83,3168.59,26.56B,0.01%,sh
2022-12-13,3176.33,3179.44,3187.2,3171.48,28.58B,-0.09%,sh
2022-12-12,3179.04,3195.87,3196.72,3176.58,33.34B,-0.87%,sh
2022-12-09,3206.95,3197.12,3212.11,3182.91,373.34K,0.30%,sh
2022-12-08,3197.35,3196.02,3206.72,3187.26,32.10B,-0.07%,sh
2022-12-07,3199.62,3204.94,3226.08,3188.67,35.41B,-0.40%,sh
2022-12-06,3212.53,3200.27,3224.82,3195.08,37.36B,0.02%,sh
2022-12-05,3211.81,3181.92,3213.44,3177.06,44.74B,1.76%,sh
2022-12-02,3156.14,3160.58,3170.9,3149.84,30.78B,-0.29%,sh
2022-12-01,3165.47,3187.99,3198.41,3164.53,38.70B,0.45%,sh
2022-11-30,3151.34,3141.4,3158.57,3137.37,37.27B,0.05%,sh
2022-11-29,3149.75,3096.11,3152,3096.11,39.15B,2.31%,sh
2022-11-28,3078.55,3055.29,3080.18,3034.7,30.58B,-0.75%,sh
2022-11-25,3101.69,3085.46,3111.42,3077.97,31.14B,0.40%,sh
2022-11-24,3089.31,3104.1,3113.24,3084.86,26.75B,-0.25%,sh
2022-11-23,3096.91,3084.74,3108.24,3075.32,32.62B,0.26%,sh
2022-11-22,3088.94,3084.23,3118.12,3076.32,32.76B,0.13%,sh
2022-11-21,3085.04,3078.06,3085.24,3056.17,25.60B,-0.39%,sh
2022-11-18,3097.24,3116.73,3126.71,3096.89,30.00B,-0.58%,sh
2022-11-17,3115.43,3110.96,3115.44,3087.17,28.70B,-0.15%,sh
2022-11-16,3119.98,3133.65,3145.75,3115.35,30.34B,-0.45%,sh
2022-11-15,3134.08,3081.14,3135.59,3074.5,33.15B,1.64%,sh
2022-11-14,3083.4,3100.87,3121.41,3075.22,36.18B,-0.13%,sh
2022-11-11,3087.29,3099.65,3117.74,3070.3,40.96B,1.69%,sh
2022-11-10,3036.13,3031.69,3047.98,3022.85,27.04B,-0.39%,sh
2022-11-09,3048.17,3064.46,3073.92,3046.19,23.56B,-0.53%,sh
2022-11-08,3064.49,3077.31,3078.28,3047.46,25.65B,-0.43%,sh
2022-11-07,3077.82,3062.86,3088.19,3054.46,32.06B,0.23%,sh
2022-11-04,3070.8,2997,3081.59,2997,32.98B,2.43%,sh
2022-11-03,2997.81,2981.2,3003.72,2977.72,25.93B,-0.19%,sh
2022-11-02,3003.37,2960.65,3019.05,2954.95,32.51B,1.15%,sh
2022-11-01,2969.2,2899.5,2969.2,2896.76,31.98B,2.62%,sh
2022-10-31,2893.48,2893.2,2926.01,2885.09,30.20B,-0.77%,sh
2022-10-28,2915.93,2967.02,2974.24,2908.98,29.25B,-2.25%,sh
2022-10-27,2982.9,3005.04,3017.26,2981.69,26.56B,-0.55%,sh
2022-10-26,2999.5,2977.56,3028.35,2977.56,26.87B,0.78%,sh
2022-10-25,2976.28,2969.16,3001.72,2944.26,25.56B,-0.04%,sh
2022-10-24,2977.56,3034.75,3064.42,2965.17,29.81B,-2.02%,sh
2022-10-21,3038.93,3038.04,3055.42,3026.96,24.53B,0.13%,sh
2022-10-20,3035.05,3029.3,3070.26,3013.69,24.47B,-0.31%,sh
2022-10-19,3044.38,3073.26,3081.39,3044.38,23.09B,-1.19%,sh
2022-10-18,3080.96,3094.93,3099.92,3074.22,24.56B,-0.13%,sh
2022-10-17,3084.94,3060.52,3087.19,3052.71,26.26B,0.42%,sh
2022-10-14,3071.99,3035.03,3084.27,3035.03,27.73B,1.84%,sh
2022-10-13,3016.36,3008.3,3036.25,3004.5,24.97B,-0.30%,sh
2022-10-12,3025.51,2976.72,3025.51,2934.09,24.80B,1.53%,sh
2022-10-11,2979.79,2978.06,2986.91,2953.5,20.86B,0.19%,sh
2022-10-10,2974.15,3026.94,3029.45,2968.28,24.34B,-1.66%,sh
2022-09-30,3024.39,3042.17,3054.61,3021.93,20.41B,-0.55%,sh
2022-09-29,3041.2,3067.47,3076.76,3026.08,23.00B,-0.13%,sh
2022-09-28,3045.07,3089.1,3089.1,3044.86,23.01B,-1.58%,sh
2022-09-27,3093.86,3056.39,3094.04,3048.36,23.27B,1.40%,sh
2022-09-26,3051.23,3067.57,3102.65,3048.51,26.27B,-1.20%,sh
2022-09-23,3088.37,3106.81,3124.66,3072.24,24.31B,-0.66%,sh
2022-09-22,3108.91,3098.77,3125.68,3092.82,22.11B,-0.27%,sh
2022-09-21,3117.18,3116.01,3129.82,3091.3,23.30B,-0.17%,sh
2022-09-20,3122.41,3127.84,3140.03,3114.04,21.99B,0.22%,sh
2022-09-19,3115.6,3122.75,3135.56,3101.22,24.91B,-0.35%,sh
2022-09-16,3126.4,3189.83,3191.83,3126.4,31.65B,-2.30%,sh
2022-09-15,3199.92,3248.97,3254.18,3174.39,32.52B,-1.16%,sh
2022-09-14,3237.54,3224.68,3250.8,3221.96,25.52B,-0.80%,sh
2022-09-13,3263.8,3272.05,3278.17,3259.66,27.62B,0.05%,sh
2022-09-09,3262.05,3241.18,3266.2,3236.51,28.38B,0.82%,sh
2022-09-08,3235.59,3245.56,3253.7,3233.8,28.17B,-0.33%,sh
2022-09-07,3246.29,3232.14,3253.77,3227.82,30.10B,0.09%,sh
2022-09-06,3243.45,3207.93,3244.64,3203.82,31.89B,1.36%,sh
2022-09-05,3199.91,3183.95,3199.91,3172.04,28.07B,0.42%,sh
2022-09-02,3186.48,3189.64,3198.28,3173.79,25.05B,0.05%,sh
2022-09-01,3184.98,3196.54,3214.56,3181.63,27.47B,-0.54%,sh
2022-08-31,3202.14,3216.53,3232.02,3184.39,34.44B,-0.78%,sh
2022-08-30,3227.22,3240.18,3243.75,3212.63,29.43B,-0.42%,sh
2022-08-29,3240.73,3203.1,3240.73,3199,29.70B,0.14%,sh
2022-08-26,3236.22,3250.63,3266.27,3232.28,30.99B,-0.31%,sh
2022-08-25,3246.25,3223.46,3248.35,3199.12,33.62B,0.97%,sh
2022-08-24,3215.2,3279.17,3281.88,3212.39,36.61B,-1.86%,sh
2022-08-23,3276.22,3274.43,3284.6,3262.63,31.66B,-0.05%,sh
2022-08-22,3277.79,3249.7,3278.17,3247.19,31.45B,0.61%,sh
2022-08-19,3258.08,3275.62,3286.49,3258.06,33.35B,-0.59%,sh
2022-08-18,3277.54,3286.37,3289.14,3270.56,30.17B,-0.46%,sh
2022-08-17,3292.53,3282.1,3296,3263.35,32.61B,0.45%,sh
2022-08-16,3277.88,3278.68,3295.02,3271.57,30.36B,0.05%,sh
2022-08-15,3276.09,3268.37,3286.89,3261.82,28.71B,-0.02%,sh
2022-08-12,3276.89,3275.77,3288.22,3272.84,29.99B,-0.15%,sh
2022-08-11,3281.67,3243.47,3281.67,3237.9,30.06B,1.60%,sh
2022-08-10,3230.02,3242.36,3253.17,3217.81,25.76B,-0.54%,sh
2022-08-09,3247.43,3235.74,3248.77,3227.54,25.96B,0.32%,sh
2022-08-08,3236.93,3218.85,3237.97,3214.08,25.43B,0.31%,sh
2022-08-05,3227.03,3195.23,3228.89,3184.45,27.47B,1.19%,sh
2022-08-04,3189.04,3179.43,3191,3155.7,26.09B,0.80%,sh
2022-08-03,3163.67,3188.89,3217.55,3159.46,32.49B,-0.71%,sh
2022-08-02,3186.27,3231.26,3231.26,3155.19,39.42B,-2.26%,sh
2022-08-01,3259.96,3246.62,3264.3,3225.55,29.22B,0.21%,sh
2022-07-29,3253.24,3282.81,3294.8,3246.37,30.73B,-0.89%,sh
2022-07-28,3282.58,3287.5,3305.71,3277.11,28.81B,0.21%,sh
2022-07-27,3275.76,3271.78,3282.57,3265.73,24.91B,-0.05%,sh
2022-07-26,3277.44,3254.19,3282.41,3246.04,25.95B,0.83%,sh
2022-07-25,3250.39,3269.71,3273.18,3243.03,27.12B,-0.60%,sh
2022-07-22,3269.97,3276.2,3293.64,3246.73,30.07B,-0.06%,sh
2022-07-21,3272,3297.66,3300.53,3272,33.24B,-0.99%,sh
2022-07-20,3304.72,3291.55,3308.35,3287.74,30.15B,0.77%,sh
2022-07-19,3279.43,3278.72,3283.93,3256.02,31.57B,0.04%,sh
2022-07-18,3278.1,3235.09,3278.47,3226.23,34.83B,1.55%,sh
2022-07-15,3228.06,3261.38,3288.92,3228.06,38.02B,-1.64%,sh
2022-07-14,3281.74,3277.45,3299.25,3261.49,35.59B,-0.08%,sh
2022-07-13,3284.29,3279.6,3297.02,3266.48,33.18B,0.09%,sh
2022-07-12,3281.47,3307.22,3319.25,3277.08,33.46B,-0.97%,sh
2022-07-11,3313.58,3341.1,3341.1,3297,34.27B,-1.27%,sh
2022-07-08,3356.08,3380.37,3386.31,3354.12,32.29B,-0.25%,sh
2022-07-07,3364.4,3353.13,3375.86,3332.31,33.44B,0.27%,sh
2022-07-06,3355.35,3391.03,3391.03,3333.1,38.46B,-1.43%,sh
2022-07-05,3404.03,3411.13,3424.84,3372.06,41.17B,-0.04%,sh
2022-07-04,3405.43,3381.82,3405.62,3364.09,35.77B,0.53%,sh
2022-07-01,3387.64,3400.26,3404.05,3378.36,35.05B,-0.32%,sh
2022-06-30,3398.62,3358.93,3417.01,3358.93,38.12B,1.10%,sh
2022-06-29,3361.52,3399.68,3414.65,3358.47,44.06B,-1.40%,sh
2022-06-28,3409.21,3377.68,3412.1,3358.87,41.21B,0.89%,sh
2022-06-27,3379.19,3364,3393.31,3364,41.41B,0.88%,sh
2022-06-24,3349.75,3324.74,3356.71,3322.95,39.08B,0.89%,sh
2022-06-23,3320.15,3269.05,3320.15,3262.29,40.06B,1.62%,sh
2022-06-22,3267.2,3309.12,3311.02,3266.54,37.55B,-1.20%,sh
2022-06-21,3306.72,3313.79,3329.39,3279.83,39.45B,-0.26%,sh
2022-06-20,3315.43,3315.78,3333.9,3292.93,41.35B,-0.04%,sh
2022-06-17,3316.79,3265.51,3323.28,3262.89,39.53B,0.96%,sh
2022-06-16,3285.38,3306.84,3319.69,3277.53,43.32B,-0.61%,sh
2022-06-15,3305.41,3289.1,3358.55,3288.85,55.06B,0.50%,sh
2022-06-14,3288.91,3224.21,3289.13,3195.82,45.04B,1.02%,sh
2022-06-13,3255.55,3256.27,3272.99,3229.31,43.86B,-0.89%,sh
2022-06-10,3284.83,3214.18,3286.62,3210.81,43.99B,1.42%,sh
2022-06-09,3238.95,3259.49,3270.56,3223.48,42.27B,-0.76%,sh
2022-06-08,3263.79,3245.02,3266.63,3216.01,43.42B,0.68%,sh
2022-06-07,3241.76,3235.42,3253.09,3222.64,40.22B,0.17%,sh
2022-06-06,3236.37,3196.96,3237.07,3181.65,42.20B,1.28%,sh
2022-06-02,3195.46,3170.31,3197.28,3163.76,36.18B,0.42%,sh
2022-06-01,3182.16,3179.69,3190.61,3160.04,36.57B,-0.13%,sh
2022-05-31,3186.43,3149.94,3188.6,3142,37.45B,1.19%,sh
2022-05-30,3149.06,3141.96,3150.89,3123.15,34.94B,0.60%,sh
2022-05-27,3130.24,3135.03,3151.05,3112.54,35.95B,0.23%,sh
2022-05-26,3123.11,3111.48,3133.28,3079.48,37.03B,0.50%,sh
2022-05-25,3107.46,3070.17,3107.63,3069.95,34.23B,1.19%,sh
2022-05-24,3070.93,3149.06,3153.13,3070.93,41.63B,-2.41%,sh
2022-05-23,3146.86,3150.49,3150.51,3127.9,35.34B,0.01%,sh
2022-05-20,3146.57,3107.09,3146.57,3107.09,37.23B,1.60%,sh
2022-05-19,3096.96,3046.71,3096.96,3042.67,33.66B,0.36%,sh
2022-05-18,3085.98,3095.89,3105.84,3071.3,31.50B,-0.25%,sh
2022-05-17,3093.7,3076.5,3093.7,3057.64,33.04B,0.65%,sh
2022-05-16,3073.75,3100.55,3102.58,3063.4,33.81B,-0.34%,sh
2022-05-13,3084.28,3068.03,3086.1,3059.25,33.17B,0.96%,sh
2022-05-12,3054.99,3044.8,3072.16,3032.95,34.44B,-0.12%,sh
2022-05-11,3058.7,3035.39,3100.9,3034.67,42.40B,0.75%,sh
2022-05-10,3035.84,2965.78,3043.78,2957.4,37.07B,1.06%,sh
2022-05-09,3004.14,2990.2,3015.94,2983.61,29.21B,0.09%,sh
2022-05-06,3001.56,3011.32,3030.69,2992.72,34.33B,-2.16%,sh
2022-05-05,3067.76,3044.85,3082.23,3042.12,38.31B,0.68%,sh
2022-04-29,3047.06,2986.06,3048.49,2968.33,42.39B,2.41%,sh
2022-04-28,2975.48,2945.81,2991.51,2936.79,37.54B,0.58%,sh
2022-04-27,2958.28,2866.82,2959.18,2863.65,42.31B,2.49%,sh
2022-04-26,2886.43,2930.45,2957.68,2878.26,40.16B,-1.44%,sh
2022-04-25,2928.51,3034.27,3043.82,2928.51,43.36B,-5.13%,sh
2022-04-22,3086.92,3058.4,3105.66,3049.36,34.20B,0.23%,sh
2022-04-21,3079.81,3138.43,3160.9,3069.68,39.19B,-2.26%,sh
2022-04-20,3151.05,3189.89,3191.83,3142.05,36.20B,-1.35%,sh
2022-04-19,3194.03,3192.09,3207.83,3174.71,33.99B,-0.05%,sh
2022-04-18,3195.52,3185.94,3204.03,3166.98,34.74B,-0.49%,sh
2022-04-15,3211.24,3210.7,3229.87,3200.13,40.78B,-0.45%,sh
2022-04-14,3225.64,3203.63,3240,3200.23,37.12B,1.22%,sh
2022-04-13,3186.82,3199.8,3225.47,3183.53,39.12B,-0.82%,sh
2022-04-12,3213.33,3165.12,3214.54,3140.9,41.83B,1.46%,sh
2022-04-11,3167.13,3239.85,3239.85,3156.51,42.42B,-2.61%,sh
2022-04-08,3251.85,3239.88,3257.09,3208.35,41.38B,0.47%,sh
2022-04-07,3236.7,3267.81,3290.26,3236.48,40.26B,-1.42%,sh
2022-04-06,3283.43,3269.43,3288.11,3255.69,42.96B,0.02%,sh
2022-04-01,3282.72,3234.67,3287.23,3226.3,37.82B,0.94%,sh
2022-03-31,3252.2,3256.14,3272.04,3246.06,39.84B,-0.44%,sh
2022-03-30,3266.6,3217.59,3266.6,3216.3,36.68B,1.96%,sh
2022-03-29,3203.94,3216.01,3229.18,3196.46,31.63B,-0.33%,sh
2022-03-28,3214.5,3185.17,3230.22,3159.83,34.50B,0.07%,sh
2022-03-25,3212.24,3247.16,3257.11,3211.64,34.00B,-1.17%,sh
2022-03-24,3250.26,3256.06,3266.89,3236.66,32.90B,-0.63%,sh
2022-03-23,3271.03,3264.79,3279.89,3251.98,34.99B,0.34%,sh
2022-03-22,3259.86,3249.54,3279.11,3239.53,36.12B,0.19%,sh
2022-03-21,3253.69,3255.62,3267.5,3223.39,35.42B,0.08%,sh
2022-03-18,3251.07,3207.15,3260.78,3197.36,37.30B,1.12%,sh
2022-03-17,3215.04,3215.01,3260.17,3202.93,42.08B,1.40%,sh
2022-03-16,3170.71,3107.67,3177.79,3023.3,44.47B,3.48%,sh
2022-03-15,3063.97,3192.36,3196.92,3063.97,46.50B,-4.95%,sh
2022-03-14,3223.53,3271.89,3297.8,3223.53,33.80B,-2.60%,sh
2022-03-11,3309.75,3259.32,3315.66,3217.42,38.41B,0.41%,sh
2022-03-10,3296.09,3312.18,3326.58,3291.24,37.83B,1.22%,sh
2022-03-09,3256.39,3303.71,3321.48,3147.68,46.63B,-1.13%,sh
2022-03-08,3293.53,3372.55,3383.63,3287.34,41.59B,-2.35%,sh
2022-03-07,3372.86,3438.56,3438.56,3360.74,39.36B,-2.17%,sh
2022-03-04,3447.65,3459.98,3474.88,3437.7,39.35B,-0.96%,sh
2022-03-03,3481.11,3495.93,3500.29,3473.34,41.26B,-0.09%,sh
2022-03-02,3484.19,3478.29,3486.62,3467,32.94B,-0.13%,sh
2022-03-01,3488.83,3471.36,3491.13,3465.72,32.60B,0.77%,sh
2022-02-28,3462.31,3450.32,3462.31,3425.52,34.58B,0.32%,sh
2022-02-25,3451.41,3445.34,3480.18,3440.93,37.75B,0.63%,sh
2022-02-24,3429.96,3474.37,3486.98,3400.21,48.84B,-1.70%,sh
2022-02-23,3489.15,3458.51,3490.76,3458.18,32.56B,0.93%,sh
2022-02-22,3457.15,3473.29,3473.39,3437.67,32.63B,-0.96%,sh
2022-02-21,3490.61,3488.41,3492.2,3471.69,30.15B,0.00%,sh
2022-02-18,3490.76,3451.63,3490.76,3447.03,29.51B,0.66%,sh
2022-02-17,3468.04,3464.21,3480.97,3454.28,29.73B,0.06%,sh
2022-02-16,3465.83,3457.07,3475.06,3453.8,27.50B,0.57%,sh
2022-02-15,3446.09,3428.04,3447.49,3421.64,27.56B,0.50%,sh
2022-02-14,3428.88,3451.85,3457.26,3415.45,31.53B,-0.98%,sh
2022-02-11,3462.95,3472.28,3500.15,3459.33,36.14B,-0.66%,sh
2022-02-10,3485.91,3481.91,3488.86,3464.22,35.57B,0.17%,sh
2022-02-09,3479.95,3450.82,3484.74,3444.08,35.02B,0.79%,sh
2022-02-08,3452.63,3428.54,3453.19,3390.46,36.61B,0.67%,sh
2022-02-07,3429.58,3407.76,3434.03,3407.76,32.05B,2.03%,sh
2023-01-20,11980.62,11942.15,11997.53,11931.88,10.96B,0.57%,sz
2023-01-19,11913.26,11796.4,11913.26,11763.82,10.14B,0.87%,sz
2023-01-18,11810.66,11813.38,11855.44,11793.32,9.62B,0.09%,sz
2023-01-17,11800.55,11794.96,11830.58,11746.76,10.20B,0.13%,sz
2023-01-16,11785.77,11612.36,11886.95,11612.36,14.36B,1.58%,sz
2023-01-13,11602.3,11509.21,11602.3,11489.19,9.62B,1.19%,sz
2023-01-12,11465.73,11470.61,11528.93,11425.11,9.84B,0.23%,sz
2023-01-11,11439.44,11498.97,11563.78,11424.25,10.27B,-0.59%,sz
2023-01-10,11506.79,11455.6,11526.28,11413.99,10.28B,0.49%,sz
2023-01-09,11450.15,11411.37,11490.59,11408.67,11.04B,0.72%,sz
2023-01-06,11367.73,11327.03,11443.45,11314.35,11.73B,0.32%,sz
2023-01-05,11332.01,11136.77,11346.22,11136.77,11.72B,2.13%,sz
2023-01-04,11095.37,11099.15,11149.15,11035.77,10.42B,-0.20%,sz
2023-01-03,11117.13,11003.05,11134.96,10921.42,10.47B,0.92%,sz
2022-12-30,11015.99,11046.07,11071.93,11013.32,7.46B,0.18%,sz
2022-12-29,10996.41,10971.27,11064.02,10956.95,7.85B,-0.13%,sz
2022-12-28,11010.53,11055.06,11061.19,10975.13,9.14B,-0.86%,sz
2022-12-27,11106.5,11010.93,11115.77,11000.11,8.23B,1.16%,sz
2022-12-26,10978.99,10858.33,10996.64,10858.33,7.72B,1.19%,sz
2022-12-23,10849.64,10811.57,10918.18,10794.14,6.84B,-0.25%,sz
2022-12-22,10876.31,10976.58,11034.67,10840.3,8.35B,-0.33%,sz
2022-12-21,10912.09,10966.31,11001.15,10872.27,7.02B,-0.34%,sz
2022-12-20,10949.12,11092.86,11092.86,10908.53,7.86B,-1.58%,sz
2022-12-19,11124.7,11286.66,11329.56,11083.85,10.08B,-1.51%,sz
2022-12-16,11295.03,11289.52,11327.27,11234.62,9.07B,-0.56%,sz
2022-12-15,11358.11,11306.79,11371.18,11269.61,9.22B,0.32%,sz
2022-12-14,11321.81,11341.96,11375.22,11298.43,9.89B,-0.02%,sz
2022-12-13,11323.7,11398.84,11399.16,11312.1,100.51K,-0.66%,sz
2022-12-12,11399.13,11453.26,11457.09,11392.89,12.02B,-0.89%,sz
2022-12-09,11501.58,11397.1,11511.32,11360.15,14.85B,0.98%,sz
2022-12-08,11389.79,11403.19,11429.77,11343.57,11.60B,-0.25%,sz
2022-12-07,11418.76,11365.98,11504.39,11358.68,13.00B,0.17%,sz
2022-12-06,11398.82,11278.49,11465.41,11264.47,13.50B,0.67%,sz
2022-12-05,11323.34,11292.34,11338.86,11250.62,15.76B,0.92%,sz
2022-12-02,11219.79,11238.44,11312.32,11206.78,11.67B,-0.39%,sz
2022-12-01,11264.16,11282.46,11350.48,11262.81,15.68B,1.40%,sz
2022-11-30,11108.5,11071.31,11140.5,11044.03,15.35B,0.18%,sz
2022-11-29,11089.01,10891.72,11112.73,10888.54,15.33B,2.40%,sz
2022-11-28,10829.08,10708.56,10833.27,10657.89,11.01B,-0.69%,sz
2022-11-25,10904.27,10928.15,10962.14,10881.08,10.32B,-0.48%,sz
2022-11-24,10956.68,11019.47,11061.36,10927.85,9.58B,-0.15%,sz
2022-11-23,10972.81,10971,11025.48,10842.59,10.44B,-0.27%,sz
2022-11-22,11002.93,11113.32,11152,10960.88,11.32B,-1.18%,sz
2022-11-21,11134.47,11086.69,11137.63,11014.96,11.57B,-0.41%,sz
2022-11-18,11180.43,11229.11,11310.22,11171.19,13.95B,-0.37%,sz
2022-11-17,11221.45,11199.62,11221.45,11077.59,12.48B,-0.13%,sz
2022-11-16,11235.56,11336.07,11385.87,11220.33,13.39B,-1.02%,sz
2022-11-15,11351.33,11100.23,11351.33,11069.15,16.11B,2.14%,sz
2022-11-14,11113.46,11177.07,11260.86,11067.89,16.61B,-0.24%,sz
2022-11-11,11139.77,11217.11,11272.16,11085.93,18.29B,2.12%,sz
2022-11-10,10908.55,10964.94,10979.71,10848.48,11.45B,-1.33%,sz
2022-11-09,11055.29,11149.37,11185.51,11049.33,10.50B,-0.79%,sz
2022-11-08,11142.93,11202.44,11212.54,11055.08,10.84B,-0.58%,sz
2022-11-07,11207.73,11184.16,11272.8,11127.25,13.70B,0.18%,sz
2022-11-04,11187.43,10848.3,11226.21,10848.3,15.15B,3.20%,sz
2022-11-03,10840.06,10766.22,10877.74,10754.29,11.25B,-0.34%,sz
2022-11-02,10877.51,10704.25,10951.45,10687.21,14.37B,1.33%,sz
2022-11-01,10734.25,10420.95,10734.25,10395.56,13.70B,3.24%,sz
2022-10-31,10397.04,10304.2,10518.39,10301.71,13.23B,-0.05%,sz
2022-10-28,10401.84,10659.7,10698.69,10368.91,13.24B,-3.24%,sz
2022-10-27,10750.14,10843.34,10886.1,10750.14,12.73B,-0.63%,sz
2022-10-26,10818.33,10664.43,10928.45,10657.02,12.68B,1.68%,sz
2022-10-25,10639.82,10644.67,10760.67,10510.91,10.98B,-0.51%,sz
2022-10-24,10694.61,10908.74,11043.03,10635.35,11.78B,-2.05%,sz
2022-10-21,10918.97,10955.84,11000.39,10875.18,9.04B,-0.42%,sz
2022-10-20,10965.33,10948.43,11126.16,10832.08,10.29B,-0.56%,sz
2022-10-19,11027.24,11154.13,11197.15,11027.24,9.54B,-1.43%,sz
2022-10-18,11187.7,11223.15,11270.48,11135.46,10.67B,0.23%,sz
2022-10-17,11162.26,11059.23,11173.39,11041.58,11.32B,0.36%,sz
2022-10-14,11121.71,10914.18,11177.23,10890.19,12.30B,2.81%,sz
2022-10-13,10817.67,10762.67,10923.92,10737.3,10.46B,-0.19%,sz
2022-10-12,10838.48,10568.01,10838.63,10402.06,10.91B,2.46%,sz
2022-10-11,10577.81,10555.06,10617.92,10487.66,7.93B,0.53%,sz
2022-10-10,10522.12,10788.69,10801.34,10500.77,8.91B,-2.38%,sz
2022-09-30,10778.61,10925.01,10962.22,10777.91,7.97B,-1.29%,sz
2022-09-29,10919.44,11023.83,11045.98,10864.49,8.44B,0.18%,sz
2022-09-28,10899.7,11136.18,11136.18,10899.7,8.85B,-2.46%,sz
2022-09-27,11175.12,10999.1,11175.12,10959.82,9.29B,1.94%,sz
2022-09-26,10962.56,10921.64,11141.59,10908.96,9.31B,-0.40%,sz
2022-09-23,11006.41,11105.76,11146.79,10899.59,9.56B,-0.97%,sz
2022-09-22,11114.43,11122.11,11241.12,11094.74,9.12B,-0.84%,sz
2022-09-21,11208.51,11245.83,11259.31,11117.37,9.39B,-0.67%,sz
2022-09-20,11283.92,11274.86,11364.16,11229.91,8.68B,0.69%,sz
2022-09-19,11207.04,11241.78,11318,11149.98,9.56B,-0.48%,sz
2022-09-16,11261.5,11492.69,11509.98,11261.5,12.73B,-2.30%,sz
2022-09-15,11526.96,11823.8,11832.46,11427.51,13.32B,-2.10%,sz
2022-09-14,11774.78,11751.11,11841.18,11703.76,10.05B,-1.25%,sz
2022-09-13,11923.47,11936.58,11966.17,11874.19,10.88B,0.38%,sz
2022-09-09,11877.79,11780.82,11885.46,11750.44,11.44B,1.11%,sz
2022-09-08,11746.92,11858.53,11865.97,11739.57,10.65B,-0.86%,sz
2022-09-07,11849.08,11743.47,11894.56,11724.28,11.27B,0.42%,sz
2022-09-06,11799.81,11702.17,11802.71,11624.82,11.42B,1.04%,sz
2022-09-05,11678.69,11667.04,11714.41,11597.73,9.90B,-0.20%,sz
2022-09-02,11702.39,11753.6,11765.01,11644.03,9.84B,-0.09%,sz
2022-09-01,11712.39,11789.82,11888.06,11696.58,11.33B,-0.88%,sz
2022-08-31,11815.79,11909.31,11968.46,11743.69,14.15B,-1.29%,sz
2022-08-30,11970.79,12013.92,12039.19,11905,11.96B,-0.39%,sz
2022-08-29,12018.16,11911.17,12044.52,11890.49,11.47B,-0.34%,sz
2022-08-26,12059.71,12142.05,12210.01,12039.74,12.11B,-0.37%,sz
2022-08-25,12104.03,12130.76,12159.8,11949.76,13.17B,0.06%,sz
2022-08-24,12096.39,12484.44,12491.17,12082.44,15.63B,-2.88%,sz
2022-08-23,12455.15,12481.24,12525.01,12405.58,12.81B,-0.40%,sz
2022-08-22,12505.68,12320.88,12509.91,12291.82,14.05B,1.19%,sz
2022-08-19,12358.54,12504.48,12521.76,12358.54,15.21B,-1.27%,sz
2022-08-18,12517.32,12557.34,12576.62,12496.79,14.02B,-0.62%,sz
2022-08-17,12595.46,12481.71,12611.49,12391.45,15.45B,1.01%,sz
2022-08-16,12470.11,12470.65,12553.69,12441.96,13.30B,0.08%,sz
2022-08-15,12460.22,12392.5,12531.77,12386.16,13.21B,0.33%,sz
2022-08-12,12419.39,12453.4,12493.78,12417.49,14.06B,-0.44%,sz
2022-08-11,12474.03,12287.8,12475.17,12231.08,15.20B,2.05%,sz
2022-08-10,12223.51,12302.57,12347.15,12166.23,11.82B,-0.87%,sz
2022-08-09,12331.09,12277.44,12333.38,12235.83,11.68B,0.24%,sz
2022-08-08,12302.15,12239.87,12304.23,12219.02,12.12B,0.27%,sz
2022-08-05,12269.21,12088.65,12275.96,12051.4,13.38B,1.69%,sz
2022-08-04,12065.22,12055.35,12103.38,11926.51,11.37B,0.69%,sz
2022-08-03,11982.26,12148.24,12294.88,11946.46,15.14B,-1.14%,sz
2022-08-02,12120.02,12260.45,12273.37,12008.17,18.23B,-2.37%,sz
2022-08-01,12413.87,12243.33,12420.23,12158.85,13.39B,1.20%,sz
2022-07-29,12266.92,12439.41,12460.19,12245.21,14.48B,-1.30%,sz
2022-07-28,12428.72,12467.76,12550.9,12407.07,15.19B,0.23%,sz
2022-07-27,12399.69,12383.05,12439.22,12331.7,11.96B,-0.07%,sz
2022-07-26,12408.56,12308.74,12453.11,12266.84,11.48B,0.95%,sz
2022-07-25,12291.59,12386.55,12414.07,12251.08,12.56B,-0.83%,sz
2022-07-22,12394.02,12501.34,12553.27,12289.2,13.00B,-0.49%,sz
2022-07-21,12455.19,12543.58,12601,12455.19,14.72B,-0.94%,sz
2022-07-20,12573.12,12551.43,12625.63,12518.42,13.63B,0.63%,sz
2022-07-19,12494.77,12524.51,12569.95,12402.11,13.73B,-0.30%,sz
2022-07-18,12532.65,12456.22,12559.07,12304.12,14.95B,0.98%,sz
2022-07-15,12411.01,12557.15,12687.67,12411.01,16.03B,-1.52%,sz
2022-07-14,12602.78,12479.22,12695.2,12452.13,14.26B,0.75%,sz
2022-07-13,12508.89,12441.72,12562.95,12323.2,14.06B,0.56%,sz
2022-07-12,12439.27,12616.84,12657.49,12396.91,13.76B,-1.41%,sz
2022-07-11,12617.23,12798.42,12798.42,12514.98,14.70B,-1.87%,sz
2022-07-08,12857.13,12998.56,13034.46,12848.63,14.74B,-0.61%,sz
2022-07-07,12935.85,12826.09,12962.99,12732.7,15.62B,0.97%,sz
2022-07-06,12811.33,12935.42,12997.41,12700.48,16.16B,-1.25%,sz
2022-07-05,12973.11,13057.24,13121.39,12798.01,17.14B,-0.41%,sz
2022-07-04,13026.25,12813.49,13026.25,12751.08,15.83B,1.29%,sz
2022-07-01,12860.36,12899.47,12941.06,12805.73,14.79B,-0.28%,sz
2022-06-30,12896.2,12710.25,12970.65,12710.25,16.43B,1.57%,sz
2022-06-29,12696.5,12930.43,12998.63,12682.93,19.58B,-2.20%,sz
2022-06-28,12982.69,12823.65,13001.54,12718.25,17.46B,1.23%,sz
2022-06-27,12825.57,12742.55,12911.24,12742.55,17.04B,1.10%,sz
2022-06-24,12686.03,12553.56,12690.54,12516.71,16.05B,1.37%,sz
2022-06-23,12514.73,12273.38,12514.73,12177.25,15.99B,2.19%,sz
2022-06-22,12246.55,12437.69,12445.16,12240.78,14.97B,-1.43%,sz
2022-06-21,12423.86,12477.73,12542.71,12299.95,16.46B,-0.51%,sz
2022-06-20,12487.13,12405.12,12587.95,12372.07,17.00B,1.27%,sz
2022-06-17,12331.14,12045.84,12355.34,12036.27,16.62B,1.48%,sz
2022-06-16,12150.96,12146.85,12274.18,12101.49,18.95B,0.11%,sz
2022-06-15,12137.76,12052.74,12356.31,12038.8,22.64B,0.95%,sz
2022-06-14,12023.79,11854.17,12028.14,11644.35,17.37B,0.20%,sz
2022-06-13,11999.31,11922.56,12056.53,11881.08,16.25B,-0.30%,sz
2022-06-10,12035.15,11733.35,12039.47,11724.24,16.26B,1.90%,sz
2022-06-09,11810.58,12002.81,12006.02,11761.21,14.66B,-1.85%,sz
2022-06-08,12033.26,11947.75,12040.35,11815.29,15.72B,0.82%,sz
2022-06-07,11935.57,11937.28,12004.58,11857.45,14.72B,-0.02%,sz
2022-06-06,11938.12,11636.68,11941.17,11602.4,16.69B,2.66%,sz
2022-06-02,11628.31,11492.97,11637.53,11470.89,12.87B,0.67%,sz
2022-06-01,11551.27,11507.49,11592.47,11467.86,12.89B,0.21%,sz
2022-05-31,11527.62,11313.41,11543.18,11241.03,14.31B,1.92%,sz
2022-05-30,11310.28,11248.51,11327.05,11185.95,11.27B,1.04%,sz
2022-05-27,11193.59,11290,11379.93,11126.75,11.78B,-0.12%,sz
2022-05-26,11206.82,11149.3,11276.2,10984.75,13.04B,0.57%,sz
2022-05-25,11143.18,11062.63,11143.97,11009.73,11.16B,0.70%,sz
2022-05-24,11065.92,11429.93,11429.93,11065.92,15.16B,-3.34%,sz
2022-05-23,11447.95,11468.81,11475.18,11343.21,13.95B,-0.06%,sz
2022-05-20,11454.53,11311.81,11454.53,11292.14,15.50B,1.82%,sz
2022-05-19,11250.06,11035.96,11250.06,11019.08,12.61B,0.37%,sz
2022-05-18,11208.08,11249.28,11300.22,11151.22,11.61B,-0.20%,sz
2022-05-17,11230.16,11095.4,11230.74,11059.83,11.53B,1.23%,sz
2022-05-16,11093.37,11251.27,11296,11067.06,12.66B,-0.60%,sz
2022-05-13,11159.79,11167.59,11204.54,11044.46,11.75B,0.59%,sz
2022-05-12,11094.87,11029.34,11173.02,11006.32,12.24B,-0.13%,sz
2022-05-11,11109.48,10921.03,11334.76,10917.1,17.10B,1.80%,sz
2022-05-10,10912.74,10601.4,10938.58,10560.78,13.80B,1.37%,sz
2022-05-09,10765.63,10743.03,10867.61,10698.67,10.63B,-0.41%,sz
2022-05-06,10809.88,10775.31,10913.69,10748.87,12.60B,-2.14%,sz
2022-05-05,11046.38,10928.68,11146.02,10897.26,14.74B,0.23%,sz
2022-04-29,11021.44,10719.45,11029.94,10631.14,16.74B,3.69%,sz
2022-04-28,10628.92,10607.79,10743.17,10498.66,14.18B,-0.23%,sz
2022-04-27,10652.9,10090.98,10652.93,10087.53,16.51B,4.37%,sz
2022-04-26,10206.64,10401.99,10548.96,10181.17,15.14B,-1.66%,sz
2022-04-25,10379.28,10840.36,10866.64,10379.06,15.98B,-6.08%,sz
2022-04-22,11051.7,11016.68,11151.66,10896.92,12.21B,-0.29%,sz
2022-04-21,11084.28,11328.71,11429.78,11038.38,13.68B,-2.70%,sz
2022-04-20,11392.23,11619.74,11641.45,11360.08,12.83B,-2.07%,sz
2022-04-19,11633.32,11691.76,11771.55,11584.24,12.01B,-0.50%,sz
2022-04-18,11691.47,11557.52,11710.84,11459.84,12.25B,0.37%,sz
2022-04-15,11648.57,11626.05,11737.79,11552.78,14.35B,-0.56%,sz
2022-04-14,11714.62,11662.59,11787.12,11587.87,13.24B,1.27%,sz
2022-04-13,11568.17,11669.08,11744.25,11568.17,13.45B,-1.60%,sz
2022-04-12,11756.38,11523.28,11756.38,11439.59,14.44B,2.05%,sz
2022-04-11,11520.21,11876.18,11876.18,11482.73,14.73B,-3.67%,sz
2022-04-08,11959.27,11988.05,12001.59,11799.02,14.75B,-0.11%,sz
2022-04-07,11972.02,12101.37,12205.1,11971.33,14.99B,-1.65%,sz
2022-04-06,12172.91,12220.78,12238.02,12091.98,15.40B,-0.45%,sz
2022-04-01,12227.93,12040.01,12275.08,12009.21,14.18B,0.91%,sz
2022-03-31,12118.25,12208.99,12220.06,12090.29,14.69B,-1.19%,sz
2022-03-30,12263.8,11969.36,12263.8,11961.06,14.95B,3.10%,sz
2022-03-29,11895.08,11983.54,12050.85,11857.37,11.99B,-0.46%,sz
2022-03-28,11949.94,11969,12053.2,11835.33,12.19B,-1.02%,sz
2022-03-25,12072.73,12315.35,12330.95,12072.73,12.15B,-1.89%,sz
2022-03-24,12305.5,12339.14,12384.78,12188.58,12.53B,-0.83%,sz
2022-03-23,12408.65,12373.51,12436.21,12291.37,12.59B,0.73%,sz
2022-03-22,12318.78,12350.73,12410.47,12269.17,13.20B,-0.49%,sz
2022-03-21,12379.64,12385.87,12469.98,12257.67,14.57B,0.41%,sz
2022-03-18,12328.65,12222.22,12368.59,12141.75,13.77B,0.31%,sz
2022-03-17,12289.97,12228.84,12497.86,12218.17,17.36B,2.41%,sz
2022-03-16,12000.96,11765.31,12034.46,11331.23,17.35B,4.02%,sz
2022-03-15,11537.24,11948.63,12086.04,11537.24,17.13B,-4.36%,sz
2022-03-14,12063.63,12315.77,12389.41,12063.63,12.89B,-3.08%,sz
2022-03-11,12447.37,12181.48,12464.5,12043.38,14.16B,0.62%,sz
2022-03-10,12370.95,12421.76,12486.91,12331.5,14.40B,2.18%,sz
2022-03-09,12107.17,12282.15,12337.77,11598.39,17.67B,-1.12%,sz
2022-03-08,12244.5,12594.59,12653.46,12178.18,16.16B,-2.62%,sz
2022-03-07,12573.43,12930.73,12930.73,12523.45,14.52B,-3.43%,sz
2022-03-04,13020.46,13089.42,13204.24,12972.24,13.74B,-1.37%,sz
2022-03-03,13201.82,13397.97,13407.04,13187.74,14.04B,-1.09%,sz
2022-03-02,13346.96,13412.9,13412.9,13267.55,11.74B,-1.05%,sz
2022-03-01,13488.64,13493.28,13517.25,13393.85,12.58B,0.24%,sz
2022-02-28,13455.73,13397.93,13457.61,13279.32,12.46B,0.32%,sz
2022-02-25,13412.92,13383.24,13540.99,13383.24,13.68B,1.21%,sz
2022-02-24,13252.24,13459.01,13538.71,13093.97,19.29B,-2.20%,sz
2022-02-23,13549.99,13319.87,13553.27,13319.87,13.70B,1.90%,sz
2022-02-22,13297.11,13384.03,13384.03,13216.63,13.72B,-1.29%,sz
2022-02-21,13471.16,13464.85,13503.09,13404.73,13.46B,0.09%,sz
2022-02-18,13459.68,13334.9,13460.21,13316.47,11.57B,0.27%,sz
2022-02-17,13422.9,13360.46,13490.86,13322.69,11.44B,0.35%,sz
2022-02-16,13376.36,13403.64,13446.06,13339.8,10.14B,0.23%,sz
2022-02-15,13345.63,13143.1,13346.67,13138.44,10.98B,1.69%,sz
2022-02-14,13123.21,13140.35,13280.08,13049.45,13.05B,-0.76%,sz
2022-02-11,13224.38,13360.4,13452.72,13206.63,14.83B,-1.55%,sz
2022-02-10,13432.07,13537.31,13537.31,13339.5,13.93B,-0.73%,sz
2022-02-09,13531.31,13321.81,13541.87,13283.2,14.69B,1.55%,sz
2022-02-08,13325.41,13432.08,13432.33,13051.8,13.34B,-0.98%,sz
2022-02-07,13456.65,13558.94,13632.45,13412.2,12.83B,0.96%,sz
2023-01-31,21842.33,22190.27,22284.32,21631.55,3.30B,-1.03%,hk
2023-01-30,22069.73,22579.88,22623.81,21992.51,3.80B,-2.73%,hk
2023-01-27,22688.9,22614.92,22700.85,22483.78,2.01B,0.54%,hk
2023-01-26,22566.78,22386.37,22566.78,22329.07,2.46B,2.37%,hk
2023-01-20,22044.65,21812.46,22051.77,21754.35,1.96B,1.82%,hk
2023-01-19,21650.98,21452.26,21754.08,21383.03,1.66B,-0.12%,hk
2023-01-18,21678,21514.8,21691.67,21422.19,2.49B,0.47%,hk
2023-01-17,21577.64,21678.05,21797.62,21417.25,2.31B,-0.78%,hk
2023-01-16,21746.72,21818.65,21947.55,21572.51,2.56B,0.04%,hk
2023-01-13,21738.66,21605.07,21770.08,21474.98,2.46B,1.04%,hk
2023-01-12,21514.1,21599.82,21698.94,21223.84,2.83B,0.36%,hk
2023-01-11,21436.05,21463.82,21686.3,21327.41,2.97B,0.49%,hk
2023-01-10,21331.46,21370.42,21395.42,21187.73,2.54B,-0.27%,hk
2023-01-09,21388.34,21295.94,21470.69,21216.92,2.70B,1.89%,hk
2023-01-06,20991.64,21220.89,21282.71,20862.77,2.75B,-0.29%,hk
2023-01-05,21052.17,21295.87,21396.09,20962.4,2.88B,1.25%,hk
2023-01-04,20793.11,20319.98,20793.11,20233.39,3.02B,3.22%,hk
2023-01-03,20145.29,19570.43,20212.55,19303.73,2.29B,1.84%,hk
2022-12-30,19781.41,20030.85,20073.92,19781.41,1.75B,0.20%,hk
2022-12-29,19741.14,19648.4,19764.52,19539.84,1.99B,-0.79%,hk
2022-12-28,19898.91,19787.94,20099.77,19787.94,2.82B,1.56%,hk
2022-12-23,19593.06,19382.23,19686.77,19380.47,1.36B,-0.44%,hk
2022-12-22,19679.22,19537.45,19735,19475.68,1.94B,2.71%,hk
2022-12-21,19160.49,19190.91,19255.74,19063.3,1.35B,0.34%,hk
2022-12-20,19094.8,19156.94,19283.14,18885.2,1.94B,-1.33%,hk
2022-12-19,19352.81,19472.21,19786.29,19255.95,2.24B,-0.50%,hk
2022-12-16,19450.67,19343.7,19621.13,19130.53,2.88B,0.42%,hk
2022-12-15,19368.59,19612.67,19675.68,19233.86,2.24B,-1.55%,hk
2022-12-14,19673.45,19775.33,19859.75,19528.71,2.76B,0.39%,hk
2022-12-13,19596.2,19458.02,19707.75,19382.3,2.58B,0.68%,hk
2022-12-12,19463.63,19594.52,19718.08,19366.22,3.12B,-2.20%,hk
2022-12-09,19900.87,19484.23,19926.48,19404.5,4.02B,2.32%,hk
2022-12-08,19450.23,18965.05,19521.6,18965.05,2.86B,3.38%,hk
2022-12-07,18814.82,19380.8,19737.31,18799.81,5.31B,-3.22%,hk
2022-12-06,19441.18,19211.7,19569.67,19202.87,3.55B,-0.40%,hk
2022-12-05,19518.29,19221.68,19539.6,19035.14,4.89B,4.51%,hk
2022-12-02,18675.35,18785.28,18841.22,18530.82,3.76B,-0.33%,hk
2022-12-01,18736.44,19058.9,19237.45,18679.35,4.26B,0.75%,hk
2022-11-30,18597.23,18141.56,18645.35,18052.32,5.36B,2.16%,hk
2022-11-29,18204.68,17558.6,18204.68,17536.45,4.27B,5.24%,hk
2022-11-28,17297.94,17000.23,17364.21,16833.68,2.80B,-1.57%,hk
2022-11-25,17573.58,17673.2,17673.2,17412.04,3.18B,-0.49%,hk
2022-11-24,17660.9,17684.53,17759.24,17517.12,2.91B,0.78%,hk
2022-11-23,17523.81,17460.9,17640.84,17375.96,2.42B,0.57%,hk
2022-11-22,17424.41,17625.19,17751.93,17287.6,3.02B,-1.31%,hk
2022-11-21,17655.91,17654.15,17746.34,17389.45,2.23B,-1.87%,hk
2022-11-18,17992.54,18316.36,18378.06,17910.19,2.79B,-0.29%,hk
2022-11-17,18045.66,18071.6,18220.81,17711.84,2.93B,-1.15%,hk
2022-11-16,18256.48,18169.21,18414.09,18031.87,3.92B,-0.47%,hk
2022-11-15,18343.12,17665.8,18356.78,17552.3,4.90B,4.11%,hk
2022-11-14,17619.71,17999.26,18011.64,17518.88,5.55B,1.70%,hk
2022-11-11,17325.66,17120.05,17368.04,16829,5.11B,7.74%,hk
2022-11-10,16081.04,16138.22,16138.22,15945.2,2.20B,-1.70%,hk
2022-11-09,16358.52,16552.8,16730.2,16213.03,3.27B,-1.20%,hk
2022-11-08,16557.31,16640.6,16719.01,16429.81,2.07B,-0.23%,hk
2022-11-07,16595.91,16031.79,16821.89,15980.85,3.23B,2.69%,hk
2022-11-04,16161.14,15442.76,16513.16,15442.76,3.95B,5.36%,hk
2022-11-03,15339.49,15477.74,15623.18,15301.67,2.54B,-3.08%,hk
2022-11-02,15827.17,15389.55,15867.24,15276.76,2.77B,2.41%,hk
2022-11-01,15455.27,14859.92,15632.85,14859.92,3.79B,5.23%,hk
2022-10-31,14687.02,14830.69,15113.15,14597.31,4.18B,-1.18%,hk
2022-10-28,14863.06,15424.94,15441.99,14770.09,3.05B,-3.66%,hk
2022-10-27,15427.94,15721.27,15833.28,15410.97,2.53B,0.72%,hk
2022-10-26,15317.67,15096.32,15584.06,15041.4,2.72B,1.00%,hk
2022-10-25,15165.59,15242.1,15435.37,14947.39,3.28B,-0.10%,hk
2022-10-24,15180.69,15894.75,15993.88,15082.84,3.60B,-6.36%,hk
2022-10-21,16211.12,16331.11,16359.04,16137.18,2.05B,-0.42%,hk
2022-10-20,16280.22,16230.79,16452.97,16010.72,2.30B,-1.40%,hk
2022-10-19,16511.28,16805.91,16923.12,16508.37,1.71B,-2.38%,hk
2022-10-18,16914.58,16860.2,16914.58,16558.41,1.97B,1.82%,hk
2022-10-17,16612.9,16479.74,16754.52,16308.95,2.06B,0.15%,hk
2022-10-14,16587.69,16671.68,17028.68,16535.37,2.32B,1.21%,hk
2022-10-13,16389.11,16700.65,16736.59,16389.11,2.24B,-1.87%,hk
2022-10-12,16701.03,16758.27,17040.7,16438.6,2.41B,-0.78%,hk
2022-10-11,16832.36,17194.73,17206.51,16789.97,1.80B,-2.23%,hk
2022-10-10,17216.66,17449.36,17449.36,17174.61,1.77B,-2.95%,hk
2022-10-07,17740.05,17851.62,17881.87,17717.73,1.13B,-1.51%,hk
2022-10-06,18012.15,18100.48,18143.85,17958.14,1.08B,-0.42%,hk
2022-10-05,18087.97,17811.97,18164.2,17682.85,2.26B,5.90%,hk
2022-10-03,17079.51,17050.25,17252.11,16906.96,1.36B,-0.83%,hk
2022-09-30,17222.83,17165.93,17344.81,17016.28,2.11B,0.33%,hk
2022-09-29,17165.87,17570.17,17629.67,17046.83,2.53B,-0.49%,hk
2022-09-28,17250.88,17703.39,17703.39,17184.54,2.95B,-3.41%,hk
2022-09-27,17860.31,17838.65,17904.21,17648.42,1.90B,0.03%,hk
2022-09-26,17855.14,17781.87,18077.64,17727.4,2.56B,-0.44%,hk
2022-09-23,17933.27,18055.59,18165.95,17926.29,1.78B,-1.18%,hk
2022-09-22,18147.95,18080.93,18195.09,17965.33,1.73B,-1.61%,hk
2022-09-21,18444.62,18638.85,18638.85,18434.65,1.63B,-1.79%,hk
2022-09-20,18781.42,18700.68,18861.47,18685.46,1.48B,1.16%,hk
2022-09-19,18565.97,18695.35,18697.09,18494.54,1.75B,-1.04%,hk
2022-09-16,18761.69,18732.44,18905.28,18678.22,2.79B,-0.89%,hk
2022-09-15,18930.38,18833.9,19013.03,18833.9,1.80B,0.44%,hk
2022-09-14,18847.1,18933.3,18989.22,18797.79,1.73B,-2.48%,hk
2022-09-13,19326.86,19404.64,19492.06,19296.25,1.79B,-0.18%,hk
2022-09-09,19362.25,18893.65,19417.56,18893.65,1.99B,2.69%,hk
2022-09-08,18854.62,19043.84,19075.74,18803.76,1.72B,-1.00%,hk
2022-09-07,19044.3,18915.87,19068.9,18818.78,1.84B,-0.83%,hk
2022-09-06,19202.73,19261.7,19358.02,19107.6,1.72B,-0.12%,hk
2022-09-05,19225.7,19299.09,19299.09,19064.79,2.18B,-1.16%,hk
2022-09-02,19452.09,19572.47,19630.8,19342.49,2.10B,-0.74%,hk
2022-09-01,19597.31,19761.72,19839.51,19532.86,2.00B,-1.79%,hk
2022-08-31,19954.39,19589.85,20173.02,19564.84,2.78B,0.03%,hk
2022-08-30,19949.03,20062.73,20062.73,19645.57,1.66B,-0.37%,hk
2022-08-29,20023.22,19960.29,20073.94,19889.67,1.60B,-0.73%,hk
2022-08-26,20170.04,20138.69,20185.15,20050.97,1.87B,1.01%,hk
2022-08-25,19968.38,19418.46,19990.31,19418.46,1.68B,3.63%,hk
2022-08-24,19268.74,19542.24,19542.24,19189.54,2.00B,-1.20%,hk
2022-08-23,19503.25,19644.23,19701.55,19377.09,1.85B,-0.78%,hk
2022-08-22,19656.98,19572.42,19825.93,19564.19,1.60B,-0.59%,hk
2022-08-19,19773.03,19656.8,19898.18,19656.8,1.40B,0.05%,hk
2022-08-18,19763.91,19991.94,19991.94,19675.46,1.59B,-0.80%,hk
2022-08-17,19922.45,19995.77,20069.85,19800.58,1.41B,0.46%,hk
2022-08-16,19830.52,20107.14,20173.4,19662.61,1.95B,-1.05%,hk
2022-08-15,20040.86,20038.48,20260.66,19984.04,1.39B,-0.67%,hk
2022-08-12,20175.62,20158.29,20208.02,20011.38,1.57B,0.46%,hk
2022-08-11,20082.43,19840.57,20082.43,19789.96,1.60B,2.40%,hk
2022-08-10,19610.84,19956.51,19956.51,19469.11,1.73B,-1.96%,hk
2022-08-09,20003.44,20039.3,20250.87,19856.23,1.50B,-0.21%,hk
2022-08-08,20045.77,20065.35,20171.89,19954.04,1.38B,-0.77%,hk
2022-08-05,20201.94,20283.59,20283.59,20096.54,1.64B,0.14%,hk
2022-08-04,20174.04,20011.25,20216.58,19995.46,1.92B,2.06%,hk
2022-08-03,19767.09,19865.69,19921.91,19685.48,1.79B,0.40%,hk
2022-08-02,19689.21,19943.16,19943.16,19515.54,2.29B,-2.36%,hk
2022-08-01,20165.84,20026.6,20251.43,19883.92,1.97B,0.05%,hk
2022-07-29,20156.51,20647.45,20647.45,20050.05,2.18B,-2.26%,hk
2022-07-28,20622.68,20705.46,20772.63,20533.42,1.97B,-0.23%,hk
2022-07-27,20670.04,20684.48,20770.1,20572.42,1.73B,-1.13%,hk
2022-07-26,20905.88,20676.68,20952.45,20631.82,1.70B,1.67%,hk
2022-07-25,20562.94,20516.34,20595.09,20353.68,1.38B,-0.22%,hk
2022-07-22,20609.14,20717.47,20788.46,20513.8,1.33B,0.17%,hk
2022-07-21,20574.63,20811.6,20827.61,20527.35,1.76B,-1.51%,hk
2022-07-20,20890.22,20968.42,21111.78,20884.92,1.41B,1.11%,hk
2022-07-19,20661.06,20719.2,20758.71,20549.44,1.29B,-0.89%,hk
2022-07-18,20846.18,20479.58,20866.33,20294.14,2.05B,2.70%,hk
2022-07-15,20297.72,20522.11,20656.96,20215.97,2.53B,-2.19%,hk
2022-07-14,20751.21,20818.27,20888.8,20554.15,2.37B,-0.22%,hk
2022-07-13,20797.95,20911.53,21040.34,20751.48,2.06B,-0.22%,hk
2022-07-12,20844.74,20905.07,21084.09,20779.59,1.75B,-1.32%,hk
2022-07-11,21124.2,21470.77,21470.77,21001.63,1.69B,-2.77%,hk
2022-07-08,21725.78,21961.75,21961.75,21614.65,1.57B,0.38%,hk
2022-07-07,21643.58,21352.7,21643.58,21200.93,1.74B,0.26%,hk
2022-07-06,21586.66,21777.64,21833.4,21286.66,2.89B,-1.22%,hk
2022-07-05,21853.07,22053.16,22198.51,21799.19,2.14B,0.10%,hk
2022-07-04,21830.35,21690.68,21886.35,21458.63,2.20B,-0.13%,hk
2022-06-30,21859.79,21917.45,22111.91,21719.17,2.82B,-0.62%,hk
2022-06-29,21996.89,22125.61,22289.07,21844.05,2.83B,-1.88%,hk
2022-06-28,22418.97,22144.63,22449.31,21952.44,2.87B,0.85%,hk
2022-06-27,22229.52,21976.8,22414.43,21976.8,2.99B,2.35%,hk
2022-06-24,21719.06,21450.68,21762.67,21408.66,2.41B,2.09%,hk
2022-06-23,21273.87,21157.58,21443.59,21010.89,2.01B,1.26%,hk
2022-06-22,21008.34,21469.74,21519.58,21008.34,2.47B,-2.56%,hk
2022-06-21,21559.59,21264.98,21564.87,21175.95,2.13B,1.87%,hk
2022-06-20,21163.91,20948.8,21175.98,20839.02,2.09B,0.42%,hk
2022-06-17,21075,20716.74,21145.94,20697.17,3.10B,1.10%,hk
2022-06-16,20845.43,21515.64,21545.84,20697.41,2.34B,-2.17%,hk
2022-06-15,21308.21,21111.32,21431.07,21111.32,2.30B,1.14%,hk
2022-06-14,21067.99,20783.54,21175.01,20717.64,1.97B,0.00%,hk
2022-06-13,21067.58,21162.53,21320.15,20993.76,2.61B,-3.39%,hk
2022-06-10,21806.18,21522.5,21935.01,21487.91,2.69B,-0.29%,hk
2022-06-09,21869.05,22121.53,22142.82,21737.94,2.54B,-0.66%,hk
2022-06-08,22014.59,21788.89,22064.12,21734.49,2.94B,2.24%,hk
2022-06-07,21531.67,21577.48,21744.46,21394.59,2.15B,-0.56%,hk
2022-06-06,21653.9,21282.51,21691.92,21030.07,2.24B,2.71%,hk
2022-06-02,21082.13,21057.04,21115.78,20884.16,1.82B,-1.00%,hk
2022-06-01,21294.94,21407.79,21411.95,21154.04,2.07B,-0.56%,hk
2022-05-31,21415.2,21106.41,21415.2,21029.72,3.92B,1.38%,hk
2022-05-30,21123.93,20933.5,21169.08,20885.02,2.61B,2.06%,hk
2022-05-27,20697.36,20646.06,20779.75,20494.15,2.57B,2.89%,hk
2022-05-26,20116.2,20272.22,20272.22,19890.76,1.86B,-0.27%,hk
2022-05-25,20171.27,20115.56,20370.74,20067.98,2.10B,0.29%,hk
2022-05-24,20112.1,20420.14,20509.62,19989.62,1.83B,-1.75%,hk
2022-05-23,20470.06,20608.65,20642.76,20303.55,1.70B,-1.19%,hk
2022-05-20,20717.24,20470.95,20794.13,20408.68,2.17B,2.96%,hk
2022-05-19,20120.68,20146.96,20277.94,19924.87,2.12B,-2.54%,hk
2022-05-18,20644.28,20674.23,20711.93,20389.61,1.95B,0.20%,hk
2022-05-17,20602.52,20193.6,20626.42,20169.24,2.21B,3.27%,hk
2022-05-16,19950.21,20131.53,20173.22,19764.96,1.80B,0.26%,hk
2022-05-13,19898.77,19615.99,19925.44,19608.26,2.08B,2.68%,hk
2022-05-12,19380.34,19556.89,19731.27,19342.89,2.27B,-2.24%,hk
2022-05-11,19824.57,19511.8,20083.49,19474.03,1.96B,0.97%,hk
2022-05-10,19633.69,19300.68,19758.63,19178.89,2.79B,-1.84%,hk
2022-05-06,20001.96,20287.06,20320.28,19973.47,2.11B,-3.81%,hk
2022-05-05,20793.4,21163.15,21284.85,20776.97,1.83B,-0.36%,hk
2022-05-04,20869.52,21101.89,21101.89,20775.2,,-1.10%,hk
2022-05-03,21101.89,20927.62,21291.8,20648.53,1.74B,0.06%,hk
2022-04-29,21089.39,20271.4,21154.85,20042.85,,4.01%,hk
2022-04-28,20276.17,19946.36,20285.92,19946.36,,1.65%,hk
2022-04-27,19946.36,19723.46,20053.11,19665.49,2.36B,0.06%,hk
2022-04-26,19934.71,19989.04,20258.64,19858.36,2.57B,0.33%,hk
2022-04-25,19869.34,20638.52,20638.52,19784.28,,-3.73%,hk
2022-04-22,20638.52,20261.61,20709.49,20184.96,2.35B,-0.21%,hk
2022-04-21,20682.22,20780.86,20920.6,20483.86,2.23B,-1.25%,hk
2022-04-20,20944.67,20972.84,21214.98,20889.02,1.88B,-0.40%,hk
2022-04-19,21027.76,21106,21191.8,20896.43,2.24B,-2.28%,hk
2022-04-14,21518.08,21463.35,21587.47,21358.73,1.72B,0.67%,hk
2022-04-13,21374.37,21192.62,21531.48,21141.06,1.70B,0.26%,hk
2022-04-12,21319.13,21279.18,21519.13,20988.2,2.05B,0.52%,hk
2022-04-11,21208.3,21688.03,21688.03,21132.54,2.10B,-3.03%,hk
2022-04-08,21872.01,21667.53,21872.01,21568.22,1.74B,0.29%,hk
2022-04-07,21808.98,21910.4,22236.93,21779.19,2.08B,-1.23%,hk
2022-04-06,22080.52,22220.21,22244.99,22015.12,2.75B,-1.87%,hk
2022-04-04,22502.31,22227.11,22523.64,22124.03,1.87B,2.10%,hk
2022-04-01,22039.55,21693.1,22039.55,21558.05,1.94B,0.19%,hk
2022-03-31,21996.85,22262.16,22262.16,21922.58,2.23B,-1.06%,hk
2022-03-30,22232.03,22101.63,22391.35,22033.78,2.73B,1.39%,hk
2022-03-29,21927.63,21771.29,21937.27,21722.17,2.26B,1.12%,hk
2022-03-28,21684.97,21422.2,21790.97,21202.69,2.20B,1.31%,hk
2022-03-25,21404.88,21735.61,21944.08,21289.26,2.36B,-2.47%,hk
2022-03-24,21945.95,22002.87,22231.67,21900.13,2.40B,-0.94%,hk
2022-03-23,22154.08,22088.79,22423.51,21983.1,2.84B,1.21%,hk
2022-03-22,21889.28,21319.19,21906.32,21266.9,2.59B,3.15%,hk
2022-03-21,21221.34,21823.07,21823.07,21096.31,2.34B,-0.89%,hk
2022-03-18,21412.4,21232.88,21646.15,20922.37,4.59B,-0.41%,hk
2022-03-17,21501.23,21430.71,21501.23,20786.69,4.83B,7.04%,hk
2022-03-16,20087.5,18956.02,20120.85,18584.04,5.50B,9.08%,hk
2022-03-15,18415.08,18931.18,19392.69,18235.48,6.01B,-5.72%,hk
2022-03-14,19531.66,20203.84,20203.84,19416.78,4.10B,-4.97%,hk
2022-03-11,20553.79,20460.03,20778.86,20079.15,3.02B,-1.61%,hk
2022-03-10,20890.26,21106.57,21114.44,20709.62,2.69B,1.27%,hk
2022-03-09,20627.71,20820.02,20957.72,20102.57,3.67B,-0.67%,hk
2022-03-08,20765.87,21082.39,21303.52,20638.95,3.23B,-1.39%,hk
2022-03-07,21057.63,21308.9,21327.19,20826.36,3.32B,-3.87%,hk
2022-03-04,21905.29,21879.13,22017.94,21838.99,2.44B,-2.50%,hk
2022-03-03,22467.34,22434.26,22543.42,22378.11,1.94B,0.55%,hk
2022-03-02,22343.92,22568.36,22712.44,22299.14,2.23B,-1.84%,hk
2022-03-01,22761.71,22739.84,22937.56,22591.73,1.80B,0.21%,hk
2022-02-28,22713.02,22818.17,22818.17,22406.12,2.83B,-0.24%,hk
2022-02-25,22767.18,22908.1,23046.86,22718.15,2.52B,-0.59%,hk
2022-02-24,22901.56,23268.03,23376.37,22786.39,3.00B,-3.21%,hk
2022-02-23,23660.28,23617.97,23745.07,23500.92,1.42B,0.60%,hk
2022-02-22,23520,23692.54,23813.64,23336.78,2.06B,-2.69%,hk
2022-02-21,24170.07,24109.59,24231.08,23998.77,1.62B,-0.65%,hk
2022-02-18,24327.71,24633.66,24763.37,24284.53,1.68B,-1.88%,hk
2022-02-17,24792.77,24722.88,24861.82,24523.95,1.57B,0.30%,hk
2022-02-16,24718.9,24618.3,24728.93,24548.05,1.82B,1.49%,hk
2022-02-15,24355.71,24458.5,24570.09,24219.9,2.63B,-0.82%,hk
2022-02-14,24556.57,24725.1,24733.11,24482.86,1.98B,-1.41%,hk
2022-02-11,24906.66,24837.2,24957.81,24732.65,2.51B,-0.07%,hk
2022-02-10,24924.35,25050.59,25050.59,24649.74,2.10B,0.38%,hk
2022-02-09,24829.99,24727.34,24896.43,24690.45,2.51B,2.06%,hk
2022-02-08,24329.49,24548.05,24548.05,24149.75,2.29B,-1.02%,hk
2022-02-07,24579.55,24609.43,24616.5,24365.89,2.54B,0.03%,hk
2023-01-30,11393.81,11512.34,11553.31,11388.54,954.43M,-1.96%,nsdq
2023-01-27,11621.71,11470.47,11691.89,11470.27,1.05B,0.95%,nsdq
2023-01-26,11512.41,11458.41,11516.05,11341.19,992.60M,1.76%,nsdq
2023-01-25,11313.36,11146.53,11334.22,11069.17,924.72M,-0.18%,nsdq
2023-01-24,11334.27,11302.93,11378.15,11282.65,914.95M,-0.27%,nsdq
2023-01-23,11364.41,11171.94,11405.5,11144.03,1.05B,2.01%,nsdq
2023-01-20,11140.43,10924.66,11143.17,10885.64,1.16B,2.66%,nsdq
2023-01-19,10852.27,10890.4,10932.52,10804.57,905.21M,-0.96%,nsdq
2023-01-18,10957.01,11170.95,11223.41,10952.05,986.97M,-1.24%,nsdq
2023-01-17,11095.11,11070,11145.44,11024.72,990.06M,0.14%,nsdq
2023-01-13,11079.16,10906.37,11084.01,10900.16,919.66M,0.71%,nsdq
2023-01-12,11001.11,10969.26,11027.75,10797.12,1.03B,0.64%,nsdq
2023-01-11,10931.67,10794.99,10932.44,10762.73,1.01B,1.76%,nsdq
2023-01-10,10742.63,10607.72,10743.67,10589.59,888.70M,1.01%,nsdq
2023-01-09,10635.65,10662.11,10807.26,10619.12,1.04B,0.63%,nsdq
2023-01-06,10569.29,10363.96,10604.14,10265.04,970.67M,2.56%,nsdq
2023-01-05,10305.24,10390.31,10393.22,10295.25,957.48M,-1.47%,nsdq
2023-01-04,10458.76,10467.82,10515.22,10337.64,1.04B,0.69%,nsdq
2023-01-03,10386.99,10562.06,10613.06,10309.16,983.36M,-0.76%,nsdq
2022-12-30,10466.48,10368.37,10468.31,10324.7,850.56M,-0.11%,nsdq
2022-12-29,10478.09,10321.46,10502.08,10301.06,894.54M,2.59%,nsdq
2022-12-28,10213.29,10339.2,10414.82,10207.47,751.52M,-1.35%,nsdq
2022-12-27,10353.23,10462.19,10472.32,10340.73,753.05M,-1.38%,nsdq
2022-12-23,10497.86,10437.75,10514.76,10361.82,678.03M,0.21%,nsdq
2022-12-22,10476.12,10586.46,10599.34,10313.32,974.20M,-2.18%,nsdq
2022-12-21,10709.37,10592,10753.57,10569.2,937.40M,1.54%,nsdq
2022-12-20,10547.11,10490.89,10609.46,10446.82,972.31M,0.01%,nsdq
2022-12-19,10546.03,10707.44,10713.97,10497.55,1.04B,-1.49%,nsdq
2022-12-16,10705.41,10767.63,10833.24,10642.1,3.28B,-0.97%,nsdq
2022-12-15,10810.53,11012.62,11029.57,10775.61,1.16B,-3.23%,nsdq
2022-12-14,11170.89,11248.09,11352.09,11065.24,1.12B,-0.76%,nsdq
2022-12-13,11256.81,11542.84,11571.64,11160.54,1.24B,1.01%,nsdq
2022-12-12,11143.74,11015.48,11144.67,10984.82,955.14M,1.26%,nsdq
2022-12-09,11004.62,11038.17,11138.7,10999.26,867.24M,-0.70%,nsdq
2022-12-08,11082,11011.33,11119.16,10939.47,832.95M,1.13%,nsdq
2022-12-07,10958.55,10963.95,11039.81,10910.62,828.48M,-0.51%,nsdq
2022-12-06,11014.89,11228.42,11241.42,10956.2,888.70M,-2.00%,nsdq
2022-12-05,11239.94,11380.99,11425.51,11193.03,885.18M,-1.93%,nsdq
2022-12-02,11461.5,11308.38,11492.32,11296.72,859.61M,-0.18%,nsdq
2022-12-01,11482.45,11475.17,11546.77,11378.75,912.53M,0.13%,nsdq
2022-11-30,11468,10995.2,11468.47,10966.53,1.62B,4.41%,nsdq
2022-11-29,10983.78,11060.02,11086.02,10944.37,783.46M,-0.59%,nsdq
2022-11-28,11049.5,11147.57,11217.75,11020.69,811.96M,-1.58%,nsdq
2022-11-25,11226.36,11231,11261.57,11206.38,377.17M,-0.52%,nsdq
2022-11-23,11285.32,11174.61,11310.82,11174.61,695.12M,0.99%,nsdq
2022-11-22,11174.41,11058.56,11179.87,10975.66,758.80M,1.36%,nsdq
2022-11-21,11024.51,11091.01,11128.78,10999.75,765.20M,-1.09%,nsdq
2022-11-18,11146.06,11257.01,11259.44,11059.16,846.40M,0.01%,nsdq
2022-11-17,11144.96,11008.67,11198.84,11006.21,837.39M,-0.35%,nsdq
2022-11-16,11183.66,11260.09,11286.1,11162.92,887.82M,-1.54%,nsdq
2022-11-15,11358.41,11474.82,11492.62,11241.15,1.04B,1.45%,nsdq
2022-11-14,11196.22,11233.9,11350.13,11167.17,983.39M,-1.12%,nsdq
2022-11-11,11323.33,11124.75,11352.43,11069.83,1.21B,1.88%,nsdq
2022-11-10,11114.15,10869.17,11119.12,10779.95,1.40B,7.35%,nsdq
2022-11-09,10353.17,10528.45,10564.97,10344.01,1.04B,-2.48%,nsdq
2022-11-08,10616.2,10611.53,10745.64,10472.73,994.35M,0.49%,nsdq
2022-11-07,10564.52,10516.94,10587.96,10428.91,930.25M,0.85%,nsdq
2022-11-04,10475.25,10548.14,10553.63,10262.93,1.09B,1.28%,nsdq
2022-11-03,10342.94,10399.45,10486.01,10319.54,1.01B,-1.73%,nsdq
2022-11-02,10524.8,10885.01,10993.24,10522.9,1.10B,-3.36%,nsdq
2022-11-01,10890.84,11154.74,11156.35,10881.19,903.26M,-0.89%,nsdq
2022-10-31,10988.15,11028.43,11047.94,10914,1.08B,-1.03%,nsdq
2022-10-28,11102.45,10766.2,11117.04,10766.2,977.64M,2.87%,nsdq
2022-10-27,10792.67,10971.95,10998.73,10780.5,973.52M,-1.63%,nsdq
2022-10-26,10970.99,10969.02,11205.84,10948.38,1.00B,-2.04%,nsdq
2022-10-25,11199.12,10996.97,11210.38,10996.97,991.08M,2.25%,nsdq
2022-10-24,10952.61,10867.07,10983.52,10713.33,921.20M,0.86%,nsdq
2022-10-21,10859.72,10576.04,10875.72,10542.43,1.02B,2.31%,nsdq
2022-10-20,10614.84,10657.41,10837.3,10574.55,866.25M,-0.61%,nsdq
2022-10-19,10680.51,10689.31,10808.04,10592.88,921.13M,-0.85%,nsdq
2022-10-18,10772.4,10963.99,10972.97,10670.12,929.62M,0.90%,nsdq
2022-10-17,10675.8,10575.65,10696.59,10569.69,944.31M,3.43%,nsdq
2022-10-14,10321.39,10742.81,10766.68,10308.81,918.04M,-3.08%,nsdq
2022-10-13,10649.15,10131.82,10697.71,10088.83,1.05B,2.23%,nsdq
2022-10-12,10417.1,10437,10494.53,10372.21,823.61M,-0.09%,nsdq
2022-10-11,10426.19,10484.37,10608.84,10351.98,990.74M,-1.10%,nsdq
2022-10-10,10542.1,10659.95,10669.93,10449.04,812.52M,-1.04%,nsdq
2022-10-07,10652.41,10877.28,10891.93,10608.52,1.03B,-3.80%,nsdq
2022-10-06,11073.31,11129.04,11230.44,11051.27,873.35M,-0.68%,nsdq
2022-10-05,11148.64,11022.67,11210.32,10910.76,830.23M,-0.25%,nsdq
2022-10-04,11176.41,11054.72,11189.96,11044.04,1.02B,3.34%,nsdq
2022-10-03,10815.43,10659.01,10875.46,10577.89,943.34M,2.27%,nsdq
2022-09-30,10575.62,10697.71,10883.04,10572.33,1.10B,-1.51%,nsdq
2022-09-29,10737.51,10894.44,10899.47,10623.22,971.92M,-2.84%,nsdq
2022-09-28,11051.64,10817.53,11101.5,10776.34,953.34M,2.05%,nsdq
2022-09-27,10829.5,10955.29,11040.99,10741.02,903.37M,0.25%,nsdq
2022-09-26,10802.92,10833.38,11024,10789.05,949.63M,-0.60%,nsdq
2022-09-23,10867.93,10952.69,10958.29,10732.72,1.00B,-1.80%,nsdq
2022-09-22,11066.8,11167.38,11203.77,11024.64,934.35M,-1.37%,nsdq
2022-09-21,11220.19,11466.21,11613.57,11219,909.35M,-1.79%,nsdq
2022-09-20,11425.05,11440.14,11520.99,11343.72,861.66M,-0.95%,nsdq
2022-09-19,11535.02,11338.57,11538.13,11337.83,932.68M,0.76%,nsdq
2022-09-16,11448.4,11401.21,11460.43,11316.92,3.05B,-0.90%,nsdq
2022-09-15,11552.36,11633.24,11760.73,11497.11,1.03B,-1.43%,nsdq
2022-09-14,11719.68,11680.41,11746.83,11602.76,1.05B,0.74%,nsdq
2022-09-13,11633.57,11908.81,11957.97,11604.43,1.10B,-5.16%,nsdq
2022-09-12,12266.41,12174.94,12270.19,12169.28,845.28M,1.27%,nsdq
2022-09-09,12112.31,11958.61,12132.67,11958.61,881.47M,2.11%,nsdq
2022-09-08,11862.13,11679.86,11896.73,11660.53,875.83M,0.60%,nsdq
2022-09-07,11791.9,11559.38,11819.07,11555.08,897.12M,2.14%,nsdq
2022-09-06,11544.91,11643.03,11679.43,11471.5,945.53M,-0.74%,nsdq
2022-09-02,11630.86,11899.14,11945.91,11573.51,868.07M,-1.31%,nsdq
2022-09-01,11785.13,11707.44,11798.37,11546.52,974.17M,-0.26%,nsdq
2022-08-31,11816.2,11972.56,12027.43,11814.17,1.16B,-0.56%,nsdq
2022-08-30,11883.14,12093.06,12101.85,11790.03,896.27M,-1.12%,nsdq
2022-08-29,12017.67,12021.05,12124.87,11981.42,798.39M,-1.02%,nsdq
2022-08-26,12141.71,12630.58,12655.84,12141.52,960.49M,-3.94%,nsdq
2022-08-25,12639.26,12506.37,12641.26,12471.98,797.23M,1.67%,nsdq
2022-08-24,12431.53,12375.15,12504.33,12350.16,770.65M,0.41%,nsdq
2022-08-23,12381.3,12380.37,12490.86,12352.03,763.64M,0.00%,nsdq
2022-08-22,12381.57,12523.16,12538.55,12353.73,857.72M,-2.55%,nsdq
2022-08-19,12705.21,12832.27,12859.01,12674.87,998.67M,-2.01%,nsdq
2022-08-18,12965.34,12937.79,13002.66,12873.49,865.17M,0.21%,nsdq
2022-08-17,12938.12,12968.63,13053.51,12863.01,977.81M,-1.25%,nsdq
2022-08-16,13102.55,13082.64,13181.09,12979.24,952.79M,-0.19%,nsdq
2022-08-15,13128.05,12996.63,13146.06,12993.78,862.20M,0.62%,nsdq
2022-08-12,13047.19,12866.31,13047.19,12821.22,936.39M,2.09%,nsdq
2022-08-11,12779.91,12944.82,13026.24,12760.09,1.08B,-0.58%,nsdq
2022-08-10,12854.8,12793.44,12861.44,12698.61,1.05B,2.89%,nsdq
2022-08-09,12493.93,12557.49,12582.91,12438.86,1.02B,-1.19%,nsdq
2022-08-08,12644.46,12703.72,12855.16,12597.75,1.00B,-0.10%,nsdq
2022-08-05,12657.55,12538.8,12720.44,12525.77,991.77M,-0.50%,nsdq
2022-08-04,12720.58,12675.04,12736.19,12600.78,1.05B,0.41%,nsdq
2022-08-03,12668.16,12433.87,12699.64,12425.21,1.10B,2.59%,nsdq
2022-08-02,12348.76,12287.67,12503.34,12260.48,902.82M,-0.16%,nsdq
2022-08-01,12368.98,12317.96,12499.72,12271.98,891.53M,-0.18%,nsdq
2022-07-29,12390.69,12239.69,12426.26,12181.13,1.10B,1.88%,nsdq
2022-07-28,12162.59,12036.48,12179.09,11886.67,958.80M,1.08%,nsdq
2022-07-27,12032.42,11756.19,12081.73,11718.38,939.31M,4.06%,nsdq
2022-07-26,11562.58,11701.53,11711.31,11533.37,834.49M,-1.87%,nsdq
2022-07-25,11782.67,11837.96,11855.11,11707.53,783.12M,-0.43%,nsdq
2022-07-22,11834.11,12025.37,12093.02,11767.19,884.72M,-1.87%,nsdq
2022-07-21,12059.61,11914.15,12060.59,11812.72,840.81M,1.36%,nsdq
2022-07-20,11897.65,11726.09,11939.96,11703.36,1.01B,1.58%,nsdq
2022-07-19,11713.15,11515,11721.22,11448.97,974.15M,3.11%,nsdq
2022-07-18,11360.05,11561.64,11629.03,11322.84,922.80M,-0.81%,nsdq
2022-07-15,11452.42,11379.36,11454.69,11295.33,947.43M,1.79%,nsdq
2022-07-14,11251.18,11151.21,11279.97,11005.93,817.49M,0.03%,nsdq
2022-07-13,11247.58,11056.55,11325.67,11031.27,812.60M,-0.15%,nsdq
2022-07-12,11264.73,11420.89,11483.17,11207.08,836.73M,-0.95%,nsdq
2022-07-11,11372.6,11524.49,11541.1,11348.06,844.13M,-2.26%,nsdq
2022-07-08,11635.31,11503.61,11689.7,11479.77,820.69M,0.12%,nsdq
2022-07-07,11621.35,11422.6,11644.47,11412.88,916.26M,2.28%,nsdq
2022-07-06,11361.85,11337.9,11443.14,11250.32,933.39M,0.35%,nsdq
2022-07-05,11322.24,10964.18,11323.89,10911.45,1.07B,1.75%,nsdq
2022-07-01,11127.84,11006.83,11132.55,10922.71,930.71M,0.90%,nsdq
2022-06-30,11028.74,11048.25,11160.92,10850.01,1.16B,-1.33%,nsdq
2022-06-29,11177.89,11160.22,11226.33,11072.19,1.02B,-0.03%,nsdq
2022-06-28,11181.54,11542.24,11635.86,11177.68,1.02B,-2.98%,nsdq
2022-06-27,11524.55,11661.02,11677.49,11487.07,991.61M,-0.72%,nsdq
2022-06-24,11607.62,11351.31,11613.23,11337.78,4.31B,3.34%,nsdq
2022-06-23,11232.19,11137.68,11260.27,11046.29,1.03B,1.62%,nsdq
2022-06-22,11053.08,10941.95,11216.77,10938.06,1.11B,-0.15%,nsdq
2022-06-21,11069.3,10974.05,11164.99,10974.05,1.19B,2.51%,nsdq
2022-06-17,10798.35,10697.55,10884.71,10638.72,2.80B,1.43%,nsdq
2022-06-16,10646.1,10806.02,10831.07,10565.13,1.25B,-4.08%,nsdq
2022-06-15,11099.16,10968.4,11244.26,10866.39,1.22B,2.50%,nsdq
2022-06-14,10828.34,10897.43,10926.81,10733.04,953.68M,0.18%,nsdq
2022-06-13,10809.22,10986.84,11071.48,10775.14,1.21B,-4.68%,nsdq
2022-06-10,11340.02,11543.88,11569.15,11328.27,1.06B,-3.52%,nsdq
2022-06-09,11754.23,12016.47,12115.07,11751.98,998.87M,-2.75%,nsdq
2022-06-08,12086.27,12147.28,12235.78,12052.7,911.77M,-0.73%,nsdq
2022-06-07,12175.23,11925.81,12194.86,11888.62,900.55M,0.94%,nsdq
2022-06-06,12061.37,12200.33,12245.4,12004.2,911.01M,0.40%,nsdq
2022-06-03,12012.73,12097.12,12167.44,11966.62,837.59M,-2.47%,nsdq
2022-06-02,12316.9,11945.57,12320.12,11901.45,916.66M,2.69%,nsdq
2022-06-01,11994.46,12176.89,12237.93,11901.43,940.60M,-0.72%,nsdq
2022-05-31,12081.39,12137.54,12190.08,11942.5,1.77B,-0.41%,nsdq
2022-05-27,12131.13,11869.69,12131.66,11856.82,942.22M,3.33%,nsdq
2022-05-26,11740.65,11409.84,11796.97,11406.16,930.42M,2.68%,nsdq
2022-05-25,11434.74,11225.03,11511.9,11211.85,907.18M,1.51%,nsdq
2022-05-24,11264.45,11326.44,11351.61,11092.48,924.23M,-2.35%,nsdq
2022-05-23,11535.28,11396.28,11552.07,11304.56,889.21M,1.59%,nsdq
2022-05-20,11354.62,11542.67,11552.21,11035.69,1.20B,-0.30%,nsdq
2022-05-19,11388.5,11364.4,11562.82,11313.31,1.05B,-0.26%,nsdq
2022-05-18,11418.15,11790.68,11826.22,11381.69,1.03B,-4.73%,nsdq
2022-05-17,11984.52,11905.57,11988.43,11754.28,1.02B,2.76%,nsdq
2022-05-16,11662.79,11727.14,11804.59,11627.53,978.06M,-1.20%,nsdq
2022-05-13,11805,11555.97,11856.71,11510.25,1.23B,3.82%,nsdq
2022-05-12,11370.96,11199.25,11547.33,11108.76,1.40B,0.06%,nsdq
2022-05-11,11364.24,11645.57,11844.5,11339.18,1.27B,-3.18%,nsdq
2022-05-10,11737.67,11900.34,11944.94,11566.28,1.28B,0.98%,nsdq
2022-05-09,11623.25,11923.03,11990.61,11574.94,1.24B,-4.29%,nsdq
2022-05-06,12144.66,12246.83,12358.42,11990.15,1.09B,-1.40%,nsdq
2022-05-05,12317.69,12787.52,12787.52,12183.56,1.10B,-4.99%,nsdq
2022-05-04,12964.86,12574.73,12985.01,12367.02,1.11B,3.19%,nsdq
2022-05-03,12563.76,12511.46,12645.83,12460.99,897.83M,0.22%,nsdq
2022-05-02,12536.02,12331.69,12542.54,12202.41,1.04B,1.63%,nsdq
2022-04-29,12334.64,12710.42,12861.83,12315.74,1.09B,-4.17%,nsdq
2022-04-28,12871.53,12712.86,12948.52,12487.86,1.01B,3.06%,nsdq
2022-04-27,12488.93,12500.88,12703.79,12430.9,942.84M,-0.01%,nsdq
2022-04-26,12490.74,12918.04,12918.04,12490.74,1.02B,-3.95%,nsdq
2022-04-25,13004.85,12749.17,13011.45,12722.59,988.04M,1.29%,nsdq
2022-04-22,12839.29,13168.8,13212.61,12828.02,950.70M,-2.55%,nsdq
2022-04-21,13174.65,13623.7,13710.7,13140.83,993.83M,-2.07%,nsdq
2022-04-20,13453.07,13665.38,13678.55,13426.13,871.26M,-1.22%,nsdq
2022-04-19,13619.66,13312.44,13643.97,13281.22,855.29M,2.15%,nsdq
2022-04-18,13332.36,13319.39,13414.27,13222.03,832.41M,-0.14%,nsdq
2022-04-14,13351.08,13647.42,13662.93,13345.22,927.38M,-2.14%,nsdq
2022-04-13,13643.59,13373.12,13679.43,13353.66,910.79M,2.03%,nsdq
2022-04-12,13371.57,13584.69,13685.95,13317.74,902.42M,-0.30%,nsdq
2022-04-11,13411.96,13547.29,13585.08,13401.39,991.30M,-2.18%,nsdq
2022-04-08,13711,13830.47,13866.06,13693.69,858.45M,-1.34%,nsdq
2022-04-07,13897.3,13861.49,13978.25,13689.23,931.35M,0.06%,nsdq
2022-04-06,13888.82,14002.58,14032.84,13788.9,1.09B,-2.22%,nsdq
2022-04-05,14204.17,14490.26,14500.29,14169.12,930.40M,-2.26%,nsdq
2022-04-04,14532.55,14304.35,14534.38,14286.45,915.41M,1.90%,nsdq
2022-04-01,14261.5,14269.53,14306.94,14131.81,1.02B,0.29%,nsdq
2022-03-31,14220.52,14444.78,14456.74,14217.72,1.10B,-1.54%,nsdq
2022-03-30,14442.28,14558.59,14609.25,14383.45,1.01B,-1.21%,nsdq
2022-03-29,14619.64,14500.39,14646.9,14419.4,1.09B,1.84%,nsdq
2022-03-28,14354.9,14177.21,14356,14101.34,892.94M,1.31%,nsdq
2022-03-25,14169.3,14194.72,14218.76,14010.79,941.78M,-0.16%,nsdq
2022-03-24,14191.84,14001.32,14193.55,13897.2,916.74M,1.93%,nsdq
2022-03-23,13922.6,13990.35,14152.14,13921.65,961.73M,-1.32%,nsdq
2022-03-22,14108.82,13866.43,14141.07,13857.29,1.10B,1.95%,nsdq
2022-03-21,13838.46,13860.39,13945.8,13682.55,1.14B,-0.40%,nsdq
2022-03-18,13893.84,13564.63,13899.28,13528.06,2.85B,2.05%,nsdq
2022-03-17,13614.78,13360.72,13620.8,13317.14,1.14B,1.33%,nsdq
2022-03-16,13436.55,13119.37,13440.12,12992.2,1.41B,3.77%,nsdq
2022-03-15,12948.62,12685.23,12973.88,12616.59,1.13B,2.92%,nsdq
2022-03-14,12581.22,12795.12,12918.01,12555.35,1.21B,-2.04%,nsdq
2022-03-11,12843.81,13229.77,13239.35,12830.37,1.02B,-2.18%,nsdq
2022-03-10,13129.96,13098.35,13163.5,12946.28,961.59M,-0.95%,nsdq
2022-03-09,13255.55,13113.7,13301.16,13039.79,1.12B,3.59%,nsdq
2022-03-08,12795.55,12800.04,13159.44,12670.08,1.34B,-0.28%,nsdq
2022-03-07,12830.96,13328.36,13353.28,12828.02,1.29B,-3.62%,nsdq
2022-03-04,13313.44,13455.23,13486.71,13224.98,1.04B,-1.66%,nsdq
2022-03-03,13537.94,13837.59,13837.59,13472.64,1.03B,-1.56%,nsdq
2022-03-02,13752.02,13597.53,13796.55,13493.91,1.03B,1.62%,nsdq
2022-03-01,13532.46,13716.7,13777.04,13441.32,1.24B,-1.59%,nsdq
2022-02-28,13751.4,13570.83,13810.64,13549.9,1.39B,0.41%,nsdq
2022-02-25,13694.62,13485.26,13696.86,13358.29,978.45M,1.64%,nsdq
2022-02-24,13473.58,12587.88,13486.11,12587.88,1.38B,3.34%,nsdq
2022-02-23,13037.49,13511.75,13533.78,13032.17,944.40M,-2.57%,nsdq
2022-02-22,13381.52,13424.36,13618.71,13249.65,1.02B,-1.23%,nsdq
2022-02-18,13548.07,13735.4,13762.4,13465.56,1.02B,-1.23%,nsdq
2022-02-17,13716.72,14004.19,14020.82,13704.7,922.82M,-2.88%,nsdq
2022-02-16,14124.09,14038.92,14163.73,13931.99,838.99M,-0.11%,nsdq
2022-02-15,14139.76,13997.18,14142.49,13976.29,903.09M,2.53%,nsdq
2022-02-14,13790.92,13768.97,13921.71,13664.76,936.80M,0.00%,nsdq
2022-02-11,13791.15,14213.62,14246.7,13733.16,1.08B,-2.78%,nsdq
2022-02-10,14185.64,14228.68,14509.56,14118.2,1.06B,-2.10%,nsdq
2022-02-09,14490.37,14368.16,14490.72,14330.87,935.01M,2.08%,nsdq
2022-02-08,14194.46,13984.43,14226.48,13934.78,865.50M,1.28%,nsdq
2022-02-07,14015.67,14118.79,14236.31,13974.1,858.02M,-0.58%,nsdq
2022-02-04,14098.01,13958.48,14222.76,13850.39,862.97M,1.58%,nsdq
2022-02-03,13878.82,14045.83,14207.88,13851.75,945.51M,-3.74%,nsdq
2022-02-02,14417.55,14494.47,14504.82,14264.65,1.00B,0.50%,nsdq
2022-02-01,14346,14277.43,14358.69,14070.77,962.00M,0.75%,nsdq
